,credit_score,income,loan_amount,loan_duration,employment_years,debt_to_income_ratio
0,402,136296,228131,48,3,0.22260474452342854
1,735,111182,36348,12,4,0.18282534539605838
2,570,112565,200804,60,27,0.1682019503700177
3,406,59402,268321,12,27,0.2836679635774478
4,371,34263,140832,12,9,0.5493111826359437
5,320,126523,299923,24,10,0.328882805706295
6,421,76828,288780,60,20,0.15335620944842765
7,766,77924,86889,48,23,0.09233441815948074
8,514,104182,58551,24,9,0.4328858798258588
9,630,123065,409772,12,27,0.26053932044001327
10,758,89052,425814,12,7,0.5020070206219476
11,387,41664,147635,12,1,0.41273092275242357
12,672,65737,51819,60,22,0.4879327977977526
13,399,131332,340914,60,7,0.19957032168014682
14,430,119563,489271,24,15,0.4307974073535819
15,608,59373,425182,48,26,0.1952340915815453
16,643,147369,217781,24,21,0.5664876636976603
17,791,66397,458105,36,4,0.4000058548433559
18,713,116145,163059,12,26,0.22848149009643814
19,685,131371,345858,12,24,0.19823152426074991
20,491,68709,194420,12,28,0.15500962178940392
21,576,146074,29596,24,2,0.4320525273915502
22,460,91120,431390,24,11,0.17029358714886
23,759,49250,331250,12,12,0.3774167962601189
24,613,51172,468183,24,12,0.19554926480894652
25,321,41555,64182,60,9,0.4140829196366277
26,552,117410,491516,60,3,0.4982168506972965
27,774,108617,354307,24,8,0.4779138837295592
28,358,83276,306454,12,21,0.4684682320119299
29,810,87492,323232,24,23,0.15324732313073863
30,775,83002,133803,24,22,0.09861172084148528
31,489,119599,144978,24,26,0.434421855668062
32,543,102355,304058,36,1,0.2525909675868932
33,804,121248,377494,60,18,0.287790424521841
34,430,54762,50379,48,0,0.06713200103636509
35,784,41046,476828,48,24,0.19276704710127707
36,320,126999,250900,36,28,0.0685220221309552
37,466,146021,263517,24,6,0.5335521749306862
38,573,58769,435866,36,16,0.18386817577019177
39,687,83302,445097,36,2,0.3565354432651544
40,615,53150,313557,12,19,0.07143862636362172
41,313,98247,142084,60,19,0.4167660652181119
42,541,34853,186187,48,20,0.2276650401647516
43,645,124613,274295,24,29,0.5438555528267162
44,639,119399,62716,48,2,0.5384650039137197
45,391,51792,360891,48,2,0.22890984009896126
46,666,89129,228725,60,16,0.5455284926297573
47,754,136019,172450,48,6,0.5978867204243283
48,727,104478,178724,48,26,0.5039786152681714
49,808,143811,208502,36,25,0.5146792412653759
50,334,144130,149539,60,13,0.18695480485999943
51,505,97298,429226,12,16,0.36718631937176593
52,380,61987,126999,24,17,0.08699075268205231
53,687,45850,119793,48,12,0.10220486525191834
54,301,42112,452907,24,19,0.5993909366183098
55,689,54058,462373,12,28,0.229651587184251
56,405,75420,375321,24,19,0.46150115162686545
57,776,68890,17289,12,20,0.49366577916474896
58,701,96017,181048,36,26,0.521912799053976
59,461,77304,179668,48,17,0.598695563571186
60,501,62921,421387,12,3,0.1828230668912773
61,569,135921,236513,24,0,0.07219295477283484
62,570,31524,262368,48,17,0.27615533489702226
63,755,130424,91365,36,0,0.12154436840592081
64,761,45048,235662,48,25,0.062334239039130324
65,551,65111,381158,12,25,0.24823475492781732
66,595,67904,180211,36,12,0.48105603809138
67,637,84912,184785,24,19,0.3613993801737889
68,352,64008,427950,36,19,0.22202789406569473
69,516,30060,77588,36,22,0.40988810302099576
70,487,104666,68646,60,9,0.17760999916984588
71,679,113559,270798,36,26,0.05790979533964677
72,792,85337,487238,36,10,0.47039436254003497
73,340,140616,285887,48,8,0.39305869667520493
74,456,43350,315512,24,8,0.46926644347552793
75,314,54354,226097,48,4,0.07141590917821608
76,364,75186,210244,48,25,0.5104157953068587
77,820,58145,404657,12,0,0.39073941001996676
78,643,64020,124735,48,16,0.35986744289195205
79,428,116123,160683,60,21,0.39353772646299234
80,771,136667,387035,60,1,0.5254382857776002
81,362,105186,112971,12,23,0.3728150786073988
82,438,115469,17149,24,12,0.3695227089384986
83,798,50581,367246,24,8,0.5948735363861711
84,691,118929,326333,48,28,0.4662015918877123
85,718,53051,243976,48,3,0.2932615929981244
86,588,81474,419891,48,4,0.4390683500181102
87,678,121748,338175,24,10,0.26407675943048364
88,789,144618,47668,36,23,0.17588150436592442
89,530,99626,411889,60,18,0.3782685322882676
90,340,36960,474882,36,20,0.5605001539626733
91,327,65772,93204,36,2,0.5610267360085045
92,434,51520,216830,24,11,0.23804790295801964
93,500,79481,201501,36,25,0.3402226064219322
94,332,66408,421885,12,18,0.16639974421342366
95,347,124006,170140,48,18,0.5975971102243859
96,802,87134,224861,12,12,0.5896148493273646
97,706,50491,145507,60,27,0.407229911339096
98,398,31341,230160,48,6,0.49242773282261026
99,846,74623,188321,36,14,0.44330508870603497
100,761,120327,42384,60,22,0.37623702047170743
101,304,30338,86929,48,6,0.07934139834389373
102,517,101431,395103,36,25,0.30012038840396354
103,802,42254,81153,12,7,0.4211324661920757
104,697,81860,240128,48,4,0.4226423876360265
105,692,41344,80388,36,20,0.25521744013231096
106,506,31750,36401,12,13,0.5679305926619168
107,314,84756,207903,60,3,0.14204636773022955
108,760,97957,124503,60,22,0.3251976954185583
109,540,135423,237601,60,9,0.4299861871029525
110,395,88053,132834,60,19,0.43342469324049504
111,784,100855,39084,24,14,0.4067514262228485
112,706,45896,256459,48,17,0.20140851739852306
113,530,85761,115641,48,19,0.13591361277764208
114,470,92552,110111,24,12,0.39976717975469095
115,840,107454,454042,36,28,0.3796161638766907
116,335,148681,434667,36,7,0.14864580565908253
117,824,120600,143299,60,8,0.4378265300638098
118,459,142153,167982,12,15,0.300344595453511
119,542,57935,303185,36,18,0.41726832538173403
120,385,67641,356064,12,15,0.5105518938735828
121,327,59711,332825,48,6,0.14335063571730772
122,639,100342,239386,12,13,0.06052967739826018
123,630,136896,348715,48,27,0.47850642251768266
124,805,42182,201553,24,13,0.38533358383393873
125,647,117833,466792,24,24,0.43480176329216685
126,772,86276,265337,60,26,0.5109852362437534
127,530,49541,132556,36,3,0.4915460141534752
128,489,124457,200246,60,25,0.5785060808108535
129,524,112310,31160,48,14,0.344764293368665
130,684,74813,251242,60,2,0.3186725979629479
131,676,67198,22633,12,4,0.27103795993990154
132,582,38820,493096,48,0,0.13453007356431249
133,558,54070,284158,24,2,0.3649339780851123
134,658,99768,347676,36,14,0.20235688837928834
135,755,41122,54104,48,23,0.5567191317171365
136,710,110559,439837,48,26,0.37075494235240364
137,617,103543,344375,12,7,0.37606209927946055
138,524,113441,73388,36,28,0.24520856348235548
139,533,71786,21014,24,3,0.07859414358773911
140,673,124934,97578,48,1,0.06745907095514374
141,771,129804,169827,48,28,0.2828343292842586
142,532,36737,45390,12,23,0.09651095795348082
143,412,66062,290855,60,23,0.38376582554707644
144,796,84237,96658,24,9,0.5345351531018115
145,741,81571,62993,36,3,0.5356031490852972
146,567,55510,210768,48,2,0.4124749755727278
147,809,49426,163285,48,1,0.16617750731011205
148,685,67265,251860,24,24,0.5246482572473796
149,686,47850,456000,60,16,0.5373513894222645
150,412,148249,274565,48,22,0.15815947172412728
151,380,96150,223008,24,20,0.4555843471738724
152,412,117312,497289,12,23,0.20758575190991763
153,301,119613,22727,60,19,0.49145217179411127
154,519,104910,379562,36,22,0.5984808449469815
155,524,82375,9358,48,12,0.06651430293116604
156,684,65435,332252,24,4,0.5435512261850125
157,702,126443,262681,12,29,0.39244679347926187
158,429,87132,99018,36,20,0.5853604405406516
159,352,108945,391601,24,29,0.30575523463953513
160,715,112050,430333,24,8,0.5160633618142555
161,546,125402,486916,36,24,0.08431673772905247
162,738,32983,299054,12,28,0.23440347754306262
163,502,127241,131888,12,24,0.08685909576316547
164,483,50662,234104,60,27,0.5864387234134888
165,422,53510,322898,48,21,0.4993356489995101
166,700,108187,198510,36,5,0.5189010816852837
167,593,70998,114847,36,4,0.5658808772886418
168,579,86846,427587,36,24,0.09680691736588194
169,497,124071,449717,12,9,0.2620786758823333
170,810,36640,459162,48,7,0.08906918897420116
171,443,74547,305611,60,6,0.16593620585251573
172,500,84620,415841,24,6,0.17615117737071978
173,423,45317,301037,24,5,0.30800896607616823
174,486,145608,81329,36,20,0.19770919209950338
175,625,37564,36007,48,28,0.1055379587497686
176,763,57345,489518,12,19,0.14212009900175923
177,648,143824,175604,48,2,0.13100155995364998
178,702,124223,321397,48,18,0.5851922388517641
179,645,109273,17323,12,21,0.46761087880516045
180,810,104859,378479,36,14,0.582268805898259
181,446,110765,117356,48,3,0.29185726757934966
182,447,140017,115944,24,27,0.2031026649144611
183,788,104038,209451,12,11,0.4890612584650526
184,637,82393,412426,60,5,0.2294396549226307
185,772,96081,283600,36,18,0.21466085553794156
186,450,132650,36367,12,3,0.17787829571430713
187,714,59430,59624,60,14,0.12132343802332944
188,597,105532,408322,60,8,0.19105468355922128
189,562,57788,239565,48,4,0.24542586166063823
190,443,125505,73008,48,12,0.42069681448015167
191,645,78543,393070,48,22,0.08441066322069837
192,301,43919,382539,12,25,0.16577881681593862
193,603,99346,121492,12,17,0.49496300216042194
194,553,126122,77240,36,29,0.1308070579710739
195,752,69974,331459,48,29,0.2384548305873868
196,336,137309,467465,60,4,0.525562407021977
197,459,46371,206659,24,24,0.13520892112889343
198,308,75084,277900,36,15,0.09550525959000444
199,532,59629,466227,12,26,0.3164958972940059
200,398,81184,303522,36,18,0.21633073120319501
201,507,91916,140327,36,13,0.35987460046611974
202,430,103972,412700,36,24,0.49209268976591125
203,703,92187,130703,36,29,0.12543166848400872
204,451,42984,323693,24,15,0.3693844965048567
205,353,63039,170575,48,26,0.3280298182144251
206,419,115431,340938,60,14,0.12924333230725976
207,719,113691,498948,36,21,0.39319916704094027
208,721,88606,312257,36,3,0.20050222982342442
209,403,40616,79069,36,6,0.3183088751992068
210,553,132665,234189,48,15,0.09524977835238403
211,526,135373,403465,12,23,0.30277123146749263
212,411,80072,256051,12,21,0.21855490742355116
213,809,54574,417417,24,20,0.5023096661519448
214,772,33430,130541,12,21,0.08133829984855255
215,398,149123,194648,36,20,0.28023400120508146
216,452,42676,261353,36,7,0.30213728327229084
217,637,40816,276830,36,16,0.4487533419645152
218,462,62733,320507,24,15,0.365858166299616
219,460,115680,364687,36,26,0.4169667854567995
220,697,32050,136733,12,22,0.4773771071084658
221,576,139996,180915,48,9,0.5242116355120038
222,803,63933,100673,48,9,0.22263152319735874
223,691,54951,459179,60,26,0.34591248795014656
224,434,62413,47828,12,1,0.5120594431415599
225,494,64801,315748,36,29,0.594198122030781
226,700,85619,277670,48,8,0.5392356210740696
227,332,62913,336054,12,16,0.2543069944434072
228,759,142573,30592,48,10,0.1573415844702577
229,769,149076,296126,36,9,0.31916589557362374
230,674,70600,267351,48,21,0.4579027985098232
231,321,87775,237041,60,24,0.32091298891431363
232,337,120816,355877,60,16,0.31574947482251764
233,529,120093,235008,48,3,0.5110267315949902
234,664,142590,129982,12,15,0.24877207848695249
235,737,65400,261911,12,19,0.5228870711464051
236,582,34494,73619,12,14,0.27374264052344793
237,326,110688,165400,48,24,0.23052820812308666
238,525,119431,313623,12,26,0.29969445115983445
239,576,104691,156175,36,20,0.4693458272711776
240,583,127419,175963,60,4,0.11930111532519685
241,780,138730,146826,36,5,0.15803056872960955
242,752,73001,236055,12,16,0.5732946541147006
243,815,97364,348581,36,0,0.14652039505974657
244,846,75028,103540,12,24,0.36225002486207997
245,491,137434,340126,48,18,0.3686229566640658
246,348,127659,107747,36,3,0.3192934541276346
247,811,67573,191994,48,16,0.4046098867172502
248,316,30806,315375,48,8,0.17640469918869012
249,471,86638,34301,24,23,0.3539642472772115
250,519,136506,227724,12,1,0.2546952903857934
251,457,59757,198783,60,7,0.41391699279605393
252,776,64636,177395,12,14,0.1276729488552322
253,345,110097,23752,60,6,0.3639825792617119
254,672,78280,496128,12,26,0.15189869546082801
255,817,54262,218277,48,5,0.20325368471327
256,398,110435,365596,36,0,0.17029039017797076
257,336,92211,149467,36,14,0.15056077892784941
258,579,84842,222029,24,22,0.5041410233583669
259,648,86979,388381,60,25,0.20713916221348966
260,796,144524,61273,60,6,0.5599180800254471
261,601,111470,263503,60,28,0.583459588939855
262,480,68197,96878,48,29,0.3641932584654035
263,398,71844,272039,60,24,0.12865061746614953
264,415,94754,124968,36,16,0.25600153385876967
265,490,131868,382844,48,1,0.48875274484151765
266,552,64157,81559,12,26,0.2520649007833887
267,460,107129,15699,60,8,0.09785947006653381
268,555,70042,201133,60,28,0.35623170101050333
269,622,91665,14715,12,8,0.5148164683228191
270,427,145512,24169,60,12,0.4877595129289263
271,317,146953,123413,12,5,0.14631772707169427
272,622,112856,414379,48,5,0.4200205379268566
273,587,57376,124264,36,19,0.1712773448896059
274,454,139049,272926,12,19,0.17001414400369472
275,789,85554,224249,24,20,0.5307394753178518
276,685,44199,129481,12,2,0.18731792400712655
277,403,148533,220400,60,16,0.19478604058490612
278,692,111412,40585,48,16,0.05035936491871476
279,545,80948,297826,48,11,0.5288679687690346
280,475,103781,183936,12,15,0.485927147265024
281,338,102750,397136,36,14,0.39503091429987286
282,776,96262,351560,24,12,0.46264617016636317
283,837,147424,453330,48,22,0.1336267120834705
284,707,76600,394954,60,0,0.30207797702316647
285,824,106898,43067,60,16,0.2431706630418295
286,805,92483,178757,36,2,0.10157708944135907
287,335,48297,258334,48,25,0.3173717668682082
288,319,60448,23073,12,14,0.5564068076884494
289,620,56172,41035,60,3,0.07203251547788196
290,811,72874,201049,36,3,0.21030350242158663
291,699,37657,238782,48,17,0.1641475149131369
292,770,114386,95373,48,16,0.18098065951613296
293,442,55425,350506,48,18,0.5496390035336564
294,391,56685,95517,48,10,0.3074379798288595
295,653,142855,70450,48,19,0.3064646771169003
296,350,54578,15382,60,2,0.4683166033504052
297,489,58831,402653,36,7,0.13497071220270918
298,424,37906,207043,48,13,0.3179959447550279
299,449,91413,462828,24,25,0.2864918677665828
300,613,84028,226427,24,0,0.3783008798006608
301,641,37287,66929,36,13,0.5997567367877412
302,604,63660,238483,12,1,0.47319689174512586
303,353,105758,233590,12,28,0.26882613665958494
304,743,90504,366008,12,22,0.5051541787507258
305,563,89720,148401,24,3,0.1438895998218641
306,352,132979,261677,12,23,0.06675502746992806
307,304,64701,292313,60,26,0.16244660485535017
308,402,113300,92468,48,28,0.2372263558628428
309,495,140177,39594,24,18,0.3308194166027579
310,649,47674,475173,36,5,0.3883210272976598
311,346,113560,196703,36,24,0.550833144467932
312,568,141543,50033,48,0,0.33041970525275166
313,669,53874,68133,24,16,0.3257016045441511
314,405,73642,471381,12,7,0.07763365540264017
315,419,127820,78861,12,18,0.0692013539609231
316,357,95160,188362,60,20,0.35313797905400457
317,645,47602,492247,60,0,0.29099823728658947
318,773,133320,298894,12,4,0.5115492172391642
319,416,118801,493371,36,26,0.13837377159151484
320,426,55931,45461,36,15,0.06373441416437728
321,692,124377,472016,60,5,0.2969713223615692
322,357,59192,83222,48,7,0.1806132062137416
323,812,76542,117020,12,12,0.0772879053363606
324,395,72520,291370,60,15,0.44852905776619584
325,417,94772,273865,60,29,0.11137614997648611
326,787,88762,454370,12,2,0.3845757250042744
327,536,80106,25609,12,18,0.20457736259178905
328,571,111121,450346,36,11,0.1454228276952621
329,488,55559,135513,48,15,0.2588633376056246
330,746,135595,208981,48,26,0.4907951769226244
331,546,63742,109211,12,10,0.26565146729751493
332,375,99669,191321,24,9,0.4629233070660806
333,453,110199,447111,60,24,0.11901746323953287
334,734,51754,492689,60,19,0.47502428081579345
335,385,33972,403872,12,3,0.18031332869865674
336,584,100831,392009,24,11,0.42256622143887995
337,519,142217,341664,36,22,0.36117985516254797
338,368,71873,461956,12,1,0.561029594466428
339,346,124661,331453,12,23,0.2630273848864227
340,393,136532,34984,60,21,0.08639085385894224
341,752,39903,123947,12,18,0.0605355170531891
342,503,33020,209894,12,24,0.5047722085350141
343,517,71755,10901,12,4,0.3386046007137876
344,773,115956,167624,60,7,0.476384228509222
345,731,116988,227317,36,6,0.17893408000633304
346,640,75648,298199,36,13,0.23979606003227855
347,588,133537,173757,12,23,0.06655712971622542
348,553,39516,472181,60,22,0.5788207785157616
349,656,142863,150788,36,2,0.4173273486854473
350,322,145005,119099,36,17,0.5632627982676184
351,821,32396,16138,36,15,0.19602302408598976
352,399,114082,171370,60,22,0.3863049861741134
353,479,49129,449328,60,18,0.42317498256095076
354,522,31591,28429,12,18,0.2246523351416736
355,741,41303,55200,48,17,0.5164600792585965
356,624,60561,207380,36,19,0.5709388045951362
357,815,101719,446460,48,15,0.5366703147328024
358,315,148618,253289,60,7,0.45648683676665486
359,635,122108,250127,60,27,0.20260557384872468
360,557,129616,368412,60,0,0.20488882315809742
361,796,116231,241513,48,16,0.5798481762453208
362,459,37314,22347,60,11,0.05565647276463062
363,774,147071,152992,12,29,0.4438274852831794
364,679,49623,36822,60,20,0.4384353894053941
365,844,97675,444875,24,10,0.39247924752238855
366,726,142992,45108,48,4,0.5945598653477762
367,567,126826,396099,24,26,0.22153368967004888
368,716,95082,487315,60,11,0.23698452508628648
369,467,113624,12967,12,16,0.09341667162060555
370,342,135228,377863,36,5,0.2935389750990556
371,584,63130,16871,60,0,0.19357668942916645
372,696,81756,230371,12,4,0.2388626861977043
373,311,127624,213524,48,24,0.5090144846405952
374,601,56292,210342,24,27,0.5645164824401226
375,552,141785,169685,24,13,0.15215318960285207
376,798,116206,33179,24,4,0.2548799123544062
377,334,99274,256537,48,21,0.5607468091634668
378,389,32469,188260,12,23,0.08399465337907244
379,717,83947,322243,48,26,0.10079829046125818
380,414,52534,40262,24,0,0.13953504406342615
381,495,93620,345357,60,29,0.37736705876978105
382,800,78874,384551,36,17,0.1327597490532986
383,792,79708,416484,48,15,0.5824420097979034
384,374,104553,476082,48,8,0.2956929899921862
385,712,98344,353413,12,18,0.32583487819259144
386,675,79138,65545,12,21,0.18566223869297355
387,719,84302,239555,48,4,0.3090281388391034
388,576,77638,228894,24,26,0.4140524979503563
389,693,108249,208218,36,1,0.46314742532472347
390,756,135865,470182,12,29,0.4646274454904521
391,491,32719,307066,24,14,0.36784011198174854
392,398,52890,477580,60,6,0.5473978762466214
393,847,107236,47913,12,3,0.4995743160183601
394,395,66509,364177,24,0,0.4663764630842439
395,489,72534,371936,24,12,0.08058303692425334
396,336,132302,255497,36,19,0.05378287922080713
397,668,122241,453893,36,21,0.16684600245751013
398,824,48787,448057,60,6,0.4149379766523987
399,578,78845,182404,24,14,0.27615861888540016
400,516,87932,490278,24,22,0.27132344261462144
401,572,122124,387007,36,13,0.5365227885262875
402,361,121659,493910,12,22,0.5425595664725112
403,641,63062,161104,12,18,0.5500463952294722
404,696,105713,173918,48,21,0.222632942083265
405,318,117263,195546,36,28,0.4300806970065939
406,476,125756,49936,48,23,0.1993982497009033
407,695,90461,165866,36,19,0.15483540819094738
408,744,105418,197660,60,28,0.15154785154105305
409,532,96672,207056,24,23,0.23815919147497672
410,375,64832,448547,60,17,0.28647669087890193
411,564,61966,230469,36,9,0.5070220440802876
412,754,102545,33141,24,8,0.11594010140999164
413,683,42987,407290,12,24,0.4542092160671917
414,805,67311,142478,12,7,0.3423002028041179
415,666,61575,102359,48,25,0.20836993847179586
416,443,93852,390423,36,29,0.3210507714930535
417,368,31007,159363,36,28,0.21496813837736245
418,398,100981,46568,12,9,0.37784507538106826
419,695,106242,102539,60,16,0.2886141575703843
420,324,77517,51851,24,1,0.1404230409933833
421,768,140022,498158,60,5,0.11412069100563318
422,783,59257,59823,60,25,0.3506826251396715
423,450,117272,28312,12,4,0.5463271683073568
424,443,72207,441324,12,27,0.23917672760672704
425,338,43281,465134,12,29,0.4531500589724427
426,408,91246,432387,48,8,0.41226374521687176
427,341,31435,439995,60,4,0.5623552028702146
428,485,128875,204900,36,17,0.5015395595145274
429,697,130686,365867,24,25,0.3616328923980046
430,522,121357,279555,48,19,0.411366774028759
431,432,56660,254062,36,8,0.5441125566212192
432,462,35084,324153,60,16,0.2697353315228141
433,514,112197,413638,12,26,0.22973708822177752
434,534,43507,440684,60,16,0.055946095999357986
435,308,102595,37371,24,11,0.5046030908053053
436,373,113807,62022,48,6,0.49053938522185064
437,791,75539,338373,48,26,0.10744998495508326
438,552,145953,104071,24,2,0.3672715596229851
439,529,37491,187268,36,9,0.305189933991788
440,818,142831,478570,36,1,0.1152900025300113
441,473,80192,363918,48,24,0.5893125248833979
442,467,110395,494626,48,2,0.16808273810484547
443,469,93888,293859,12,15,0.08697879904980862
444,692,103609,294749,36,1,0.3771660587260502
445,493,39077,104853,24,27,0.45637667242316793
446,816,147440,36174,36,23,0.06784389532595284
447,328,50953,408172,12,9,0.4122947012998621
448,464,106919,81373,48,5,0.3427605317732999
449,721,144682,336396,48,21,0.10679575488127663
450,638,97889,198021,12,25,0.14488813232049913
451,795,53821,198718,24,10,0.3623858635238442
452,664,67567,75017,48,22,0.2129966874323086
453,641,145374,68037,60,6,0.5660736507582238
454,799,54860,94818,48,26,0.5003071262162279
455,810,51195,11548,60,28,0.5909619635825146
456,626,107475,121981,12,14,0.1928189614227277
457,516,120874,239213,12,5,0.5833479980388874
458,600,117266,209366,48,19,0.2871786283853568
459,431,51427,159249,36,26,0.24113533742256504
460,369,130732,291166,60,8,0.07769223983314429
461,551,57083,111297,24,21,0.07902089182278144
462,714,117046,141614,48,19,0.43060619077066004
463,744,87372,227084,24,11,0.3018609469387153
464,481,74064,494536,48,18,0.17458689431985813
465,466,37813,65428,36,19,0.3876836684788779
466,390,61598,158812,36,2,0.18907196503756113
467,830,142718,326497,36,14,0.3676974648894324
468,338,123106,488569,36,1,0.24756481084047965
469,425,57082,118132,12,29,0.5029537246365005
470,750,59241,192604,12,20,0.5013828884217286
471,472,126214,21052,60,1,0.31254271896732067
472,519,74569,105689,24,21,0.24295051013425856
473,357,41745,183148,48,2,0.24940788810750197
474,775,56029,451636,48,5,0.49314298911751975
475,755,43025,136743,12,14,0.23049871553868656
476,660,131660,267307,48,26,0.1649826555387653
477,300,44288,308568,12,9,0.09657858803141875
478,686,119186,451960,60,8,0.3066812164864246
479,647,36540,468547,24,0,0.31517265440591297
480,489,127768,408850,60,15,0.5124997907215989
481,804,111958,140870,36,5,0.17168128304533517
482,490,98878,289564,36,8,0.2595452005176199
483,807,71846,125575,36,26,0.49462315639152993
484,668,131148,263230,60,3,0.5029929859119354
485,708,105932,296444,48,26,0.2615360917883225
486,416,47482,357025,24,27,0.30251821280767444
487,433,53411,15749,36,1,0.2168072399671056
488,357,80975,109131,36,28,0.5629051831306217
489,472,90545,161193,36,3,0.11525407115786916
490,448,142302,395707,24,0,0.5635621826508085
491,379,108797,304631,36,18,0.4261265485094387
492,512,82307,230019,24,25,0.3423646839777021
493,502,33093,431577,36,24,0.06796248343147274
494,528,107258,288367,60,9,0.3115779055021045
495,526,52042,77930,60,20,0.27426145775150274
496,831,82930,150128,24,14,0.13867034658631738
497,740,147584,295524,60,26,0.41102528192536125
498,701,74413,293179,24,21,0.5841329990525572
499,346,143387,297764,60,18,0.3592038460854888
500,532,123623,418093,60,15,0.4431143020441701
501,604,127883,261553,24,20,0.08764774891130922
502,825,63756,453532,48,26,0.27971684769934707
503,442,83268,200113,60,23,0.11399716684047273
504,714,69214,384504,36,21,0.38703770954508065
505,812,111871,58352,48,3,0.566165187017785
506,672,58602,429127,24,1,0.41397775285940114
507,558,83331,168856,48,29,0.09224167657293184
508,770,78901,8191,12,24,0.24506641274179553
509,311,129986,431376,12,12,0.3528648586924683
510,629,93416,357680,60,27,0.27176426587328867
511,657,62196,109576,60,0,0.5085042057613447
512,707,35626,200713,36,16,0.498069052590494
513,672,37424,447939,48,12,0.38650706105677174
514,307,42857,8631,12,3,0.25540186982298785
515,421,140459,142244,60,6,0.19043500556978427
516,647,145621,309224,48,16,0.10823087501722112
517,389,49982,225169,60,8,0.2451937259176047
518,615,106961,95353,60,3,0.2772448844642457
519,477,31980,418497,12,18,0.4217026088072404
520,839,78290,33671,12,0,0.41198790336366536
521,340,56431,127811,60,9,0.08855947680269133
522,801,114976,187503,24,3,0.26739262348713677
523,444,137288,226972,60,8,0.14997837696954905
524,500,112711,258211,60,12,0.1362469879242431
525,760,144187,394878,36,13,0.5050161823554852
526,846,56385,229033,36,9,0.07305336919394165
527,552,68158,426818,36,5,0.2805505817461667
528,689,53019,224861,24,15,0.14251201067158498
529,555,48639,318543,24,5,0.5336316186231607
530,749,115530,159544,60,16,0.35637228230126927
531,309,129911,185302,36,9,0.1772593500072664
532,541,51563,471832,24,17,0.326335007941507
533,550,69341,12099,12,26,0.45231749783671366
534,304,145672,254686,60,21,0.5769649049056885
535,418,35776,423647,48,17,0.17124530233498042
536,673,66444,61492,60,2,0.5373999746711398
537,364,98916,101722,48,19,0.5638672627921196
538,445,38711,445900,36,26,0.5540312994926364
539,523,104318,35111,48,20,0.39947789627405034
540,538,112970,68936,36,24,0.3964013599390892
541,476,142301,158686,12,27,0.2717658482511025
542,581,115553,228332,48,14,0.4638188352670833
543,362,60707,440207,60,14,0.3422117100930125
544,516,69110,206548,36,3,0.4225909391755619
545,760,91788,254031,60,28,0.2856518471168375
546,404,112879,328064,24,26,0.4523230552237264
547,398,68827,492510,36,8,0.5034593346825019
548,810,137188,68530,48,26,0.13053994113154888
549,684,35655,434440,36,25,0.5081113435658253
550,704,74859,274932,60,18,0.3471630924846689
551,817,83625,33082,12,23,0.5145662499996233
552,775,82098,390431,36,27,0.287215938487558
553,736,45251,94570,48,16,0.2584722669606692
554,322,30526,106015,24,10,0.5532834028844723
555,757,98760,212888,12,24,0.1881430971516207
556,382,77837,350732,24,8,0.5143167789073787
557,444,41536,152603,36,9,0.31621131488017223
558,384,58541,355484,60,17,0.3327524934031928
559,377,109083,99439,60,19,0.21965755481921617
560,756,81027,443073,48,12,0.3651732103404586
561,300,64531,146214,60,7,0.22886615795191623
562,350,38712,120053,12,6,0.07159817783290877
563,745,134101,53355,60,16,0.1995992329393958
564,748,95455,408082,48,20,0.053508473873624875
565,787,104744,206139,36,22,0.5880951328812711
566,333,35109,239706,36,14,0.5811609654008612
567,647,79268,130426,60,19,0.26733541360976776
568,394,130737,69027,24,14,0.45060396988680523
569,371,84615,456122,36,0,0.24019335412573373
570,453,112503,164210,60,24,0.41910123639728675
571,549,59759,97601,48,13,0.49298652367528845
572,737,115708,34956,60,4,0.5707159345807323
573,417,90112,243340,36,10,0.2701167517173196
574,605,132471,109797,48,15,0.4808138906258262
575,567,56589,392061,60,1,0.19626064784766534
576,353,60015,393447,12,7,0.5946827670865066
577,535,59009,474511,48,10,0.06417327932039313
578,688,113309,141511,12,28,0.3819408435756165
579,700,92046,445457,24,17,0.41272828990822985
580,602,136661,309677,48,2,0.42842505639077083
581,506,56143,426486,12,29,0.11621316833399895
582,528,36154,83815,36,25,0.5661913809102217
583,374,51804,44279,36,0,0.14965080347754553
584,734,71688,376931,24,10,0.39251437178191256
585,402,94288,422104,48,15,0.17247184351769673
586,721,81195,153702,48,17,0.21896902936169899
587,605,50581,66063,48,29,0.3505521979504683
588,397,82648,254599,24,15,0.27945638021051705
589,634,60087,259311,48,22,0.13812408053707845
590,734,79930,132896,36,9,0.14401502133146654
591,746,62981,171216,12,17,0.2799796334895398
592,607,99298,450377,36,5,0.46650563805152534
593,548,76167,494934,36,18,0.5438805557662837
594,465,105304,227146,12,3,0.09627021424266055
595,780,73408,213432,36,26,0.2662071491576706
596,634,69499,187051,24,12,0.10513506004758214
597,841,82269,102661,12,23,0.05912586434792884
598,405,68559,405195,36,13,0.4139452754541761
599,380,144126,424405,60,2,0.38134719308162324
600,432,104319,178672,36,9,0.1396605125981874
601,437,141925,457776,24,5,0.17859705820118527
602,483,125317,476256,48,0,0.0630392645044851
603,700,126347,128257,36,22,0.509220963131922
604,629,78787,459774,48,23,0.5860798278267033
605,807,65488,353349,60,26,0.12450274523707994
606,368,104441,274054,36,13,0.17731136757091392
607,845,104663,455929,12,7,0.5276252381708136
608,352,52431,314001,48,18,0.5595550888759017
609,749,91681,39964,60,13,0.28079506054374564
610,504,93483,483883,12,9,0.07784235974799077
611,425,79153,423443,12,16,0.07166550853105066
612,342,36368,404194,12,8,0.3656724263379557
613,410,57424,485743,12,28,0.26609230989124844
614,482,142360,284297,36,5,0.06575883516770999
615,394,75004,326909,36,10,0.3707888157719062
616,673,113869,235156,36,24,0.056216395123962364
617,819,118652,113212,60,6,0.4830545769821001
618,659,142755,44071,60,16,0.21853805248685437
619,580,86985,117990,60,27,0.07214190165507765
620,494,80069,74519,24,27,0.3735937215407343
621,494,82326,14503,60,0,0.2687264279381801
622,392,138737,196775,36,21,0.5855902273464322
623,360,111061,462595,36,4,0.34930926437703613
624,350,53398,100457,24,8,0.20138154957035453
625,702,128393,193938,24,17,0.44019137554868604
626,304,80861,152977,60,23,0.19932060139849123
627,765,105897,50838,48,26,0.5473338102741607
628,833,111905,392344,24,20,0.25609708377905704
629,704,98577,456495,12,1,0.3524277095269128
630,812,95641,94489,36,28,0.07781520710332587
631,532,39078,31806,12,25,0.2843666808737269
632,823,55003,181072,36,10,0.5077999468135472
633,645,92768,420384,36,26,0.493106842949838
634,345,81047,75119,24,27,0.17337520736943943
635,845,101626,305858,24,5,0.17434348905580946
636,377,87660,190165,12,25,0.49951792171728016
637,372,134386,322563,36,7,0.561719131093129
638,548,79786,447361,12,3,0.10244850670015196
639,346,31925,110432,48,17,0.2975322516844239
640,420,113976,475641,12,27,0.2355998534303259
641,513,135221,360093,60,10,0.5288786505015916
642,538,147832,476027,12,4,0.09593870307401031
643,355,56015,400677,60,14,0.16611926840692057
644,649,63320,412507,60,27,0.46385758567257185
645,406,94881,182876,60,17,0.07821161693966858
646,347,120827,344115,48,1,0.32089445939285904
647,636,132215,360615,12,21,0.293158869073846
648,325,56289,332090,12,10,0.23392064844381172
649,556,33389,366133,48,25,0.2670147734254081
650,307,55683,89080,36,24,0.34146732281162806
651,552,43629,257791,24,12,0.13875204711361072
652,602,91550,459548,12,3,0.364597733055976
653,355,54826,82794,24,21,0.4929877811149924
654,825,130734,297985,48,6,0.4680885113845874
655,773,56630,129447,36,28,0.13464494758157552
656,327,128762,125029,36,10,0.13208720835781063
657,377,76163,184830,36,21,0.19749590225970232
658,515,128511,343416,48,23,0.24859109948757047
659,685,96435,42643,60,3,0.2746505697746654
660,664,41653,448624,60,27,0.42383346925833987
661,825,57961,311094,24,14,0.08117423769120947
662,611,111941,192921,60,0,0.06906998732433652
663,306,104137,367644,60,22,0.26555080961914995
664,302,63662,164116,36,2,0.4334400306758892
665,662,128818,392732,36,13,0.1563894386260654
666,807,86446,20997,24,5,0.4028274646909384
667,573,51288,346895,12,17,0.19290547586716467
668,805,125081,103605,24,24,0.537347359847434
669,314,66877,422127,24,0,0.542629469346639
670,491,141562,322677,48,5,0.21350796235472957
671,784,45313,349710,48,5,0.17649656467978225
672,327,110885,230942,24,20,0.2762171846364272
673,338,102715,150643,24,15,0.18229237184908176
674,572,40326,113255,24,28,0.41981111381043695
675,530,140091,265298,60,4,0.504335576501557
676,385,31560,492679,48,16,0.4202006720011693
677,773,109148,456157,24,9,0.5033927459871421
678,425,113186,63005,36,27,0.2683456892141107
679,836,56745,222322,36,20,0.13597433388987346
680,444,61890,194784,60,17,0.4558730210686756
681,824,50022,48541,60,6,0.2482609778278546
682,511,82579,28387,12,2,0.4191989538760228
683,324,100316,361124,12,12,0.19885416808997108
684,693,113847,184980,12,14,0.09467629914366996
685,366,58380,90457,60,19,0.5959199875182698
686,532,140198,149129,60,18,0.13591082936182958
687,408,32356,69028,60,2,0.5936315466799146
688,445,100326,124246,36,3,0.5875039629115459
689,410,122447,322875,60,4,0.4865999571494217
690,527,144994,160930,36,0,0.4126826291450986
691,410,119899,184761,12,3,0.3677938776380965
692,769,50049,49638,12,11,0.526355849957809
693,333,105717,489814,12,27,0.20919173689071835
694,668,135361,182558,24,26,0.3072246668666823
695,724,46082,25567,24,23,0.390664483151576
696,817,30661,427955,48,9,0.27615476172822007
697,581,67412,62804,48,22,0.28511754974964737
698,619,144015,375965,48,24,0.2316565671261464
699,742,32920,8754,24,20,0.36032749917649476
700,614,121194,32044,24,28,0.5178159904083137
701,676,144306,72260,48,25,0.16084060790347204
702,588,90315,71912,48,19,0.5639381713143927
703,736,109561,261695,60,23,0.42899820956152623
704,576,38946,13706,48,24,0.5028002669740166
705,802,124242,276038,60,12,0.35590488094650635
706,815,75500,416253,36,22,0.47873418578323484
707,649,134540,351130,24,13,0.05891021853670697
708,745,46309,349086,48,22,0.5001092336287444
709,649,85230,187684,24,4,0.07207637249695159
710,436,141822,34725,24,3,0.5394523569995743
711,542,128656,141998,24,13,0.5955795109812538
712,842,60027,109555,36,9,0.2117371041972278
713,339,102541,266486,12,16,0.1656752059571865
714,528,142340,276640,48,9,0.4709498501219223
715,847,144846,61447,12,25,0.18916448750613923
716,522,89321,368748,12,6,0.5260593107447119
717,305,30956,165878,12,15,0.10656342568661219
718,621,130375,355343,24,0,0.11927535800864704
719,767,104131,46321,60,16,0.5885333553053386
720,374,77908,258113,24,20,0.4206113940485025
721,303,108339,238103,24,28,0.515787973435924
722,417,55963,463311,12,8,0.22838115754333488
723,803,131757,420872,24,5,0.42206606223633236
724,740,69443,60147,12,18,0.3768330050197284
725,493,129259,96396,60,12,0.3817325660676208
726,691,69063,447882,48,2,0.4253928527457468
727,325,144225,480584,12,6,0.36644754522100415
728,734,146400,305931,60,21,0.2859843031164662
729,472,110818,249839,48,8,0.20175748190930076
730,599,34703,461162,36,21,0.47271973200226103
731,625,95128,26727,12,4,0.1744498365017524
732,709,102099,244423,12,9,0.43079486838492775
733,417,55849,100081,36,22,0.17833305245712966
734,524,61860,389865,36,16,0.3939315934749496
735,831,61585,246130,12,11,0.46089304692096583
736,412,52015,73056,36,22,0.17029263889859655
737,439,107539,139153,24,15,0.08296881547371955
738,300,73585,170268,48,2,0.12203555864679574
739,389,56958,172807,48,29,0.38329833199906393
740,619,56017,240821,48,24,0.5171955234241545
741,849,106707,85102,24,21,0.0747482516794834
742,438,75350,477794,36,8,0.4537831924729054
743,810,42201,161570,60,28,0.23772525527252863
744,558,59426,81865,36,14,0.31319060345573735
745,309,47778,167728,12,4,0.5608727524150611
746,560,75241,72695,48,22,0.23258432760471498
747,471,72229,436116,36,12,0.3059353136667173
748,312,116652,122235,60,13,0.05752532811837461
749,467,148402,483115,12,19,0.0948792960026611
750,620,78364,445917,24,14,0.19222537512413118
751,618,128833,113777,24,15,0.06531873245159092
752,628,114878,24033,60,22,0.397256429326538
753,849,87056,146877,12,12,0.2845190962408924
754,718,57490,171923,48,16,0.35147986150041205
755,394,49975,31832,36,22,0.14605595224298124
756,617,56723,199509,12,7,0.21276261619013886
757,535,53279,382869,24,20,0.41510346116899877
758,633,108301,150016,60,1,0.5809164979967198
759,675,142214,287017,60,4,0.07772922548121505
760,758,41561,45372,36,5,0.5397113764703964
761,436,137435,94464,60,11,0.3672846607211646
762,846,96061,151451,60,17,0.360155761715593
763,812,118397,122322,12,29,0.32515319436426815
764,595,79153,172823,48,21,0.08816674724730086
765,619,63142,367226,36,21,0.09943226845488837
766,648,56916,225894,12,0,0.3805016031124973
767,528,94324,272254,48,29,0.23752721428955703
768,569,74965,452557,12,16,0.5544974366177243
769,590,34648,279231,12,29,0.27362479554770974
770,464,65133,421978,60,10,0.12880480228645258
771,304,80677,349761,48,9,0.44309535842611975
772,678,126059,105483,36,18,0.21134438179255538
773,377,124588,14596,36,13,0.3390086690457412
774,709,129950,239627,48,25,0.43380803202784346
775,431,128317,112539,60,9,0.5451452611611387
776,341,100135,23313,24,14,0.4857051571409218
777,388,65046,380319,12,27,0.4219985873299982
778,701,77064,202621,60,18,0.42379825031732893
779,595,131459,119914,48,3,0.5702585542176476
780,594,136625,28705,12,1,0.21270325362309478
781,825,99350,203436,36,8,0.05061165180790308
782,721,75893,340589,24,9,0.19957500766900926
783,322,131520,108892,36,27,0.16984025879470918
784,442,91272,214717,48,10,0.41400902181269894
785,444,122152,269167,12,13,0.39854137987104093
786,524,97649,124654,48,6,0.37640376048759805
787,802,94674,195868,12,22,0.05893389376519954
788,403,149044,85073,60,14,0.45082792994785603
789,338,138542,359341,24,21,0.2279417268670203
790,497,43760,69429,60,18,0.41578079395364703
791,690,51927,109195,60,21,0.3561181356761843
792,478,116475,197699,48,14,0.2385020089853489
793,747,91367,38848,24,29,0.12401694690725926
794,799,127955,436020,12,27,0.10193039371326451
795,314,42588,413595,12,23,0.5073350832117229
796,588,131678,457880,36,7,0.5551186481448569
797,777,134734,294910,12,10,0.40738342572036473
798,530,148154,73099,48,28,0.10688876317326584
799,719,82233,434276,60,8,0.27111496928853235
800,456,74738,492949,60,14,0.4509165600578364
801,849,63397,74122,60,0,0.4789014862055374
802,740,112189,152159,24,29,0.11502024226009872
803,396,106367,53868,12,0,0.05001689536496033
804,710,101260,124119,48,18,0.4416753752343327
805,588,106619,421441,24,2,0.2461278967924131
806,553,141453,362430,36,9,0.18996473239004313
807,495,49816,273787,48,7,0.05709360838423899
808,821,72240,491275,48,14,0.34716467371882476
809,816,36276,303871,48,9,0.51813290448429
810,417,143939,409221,60,0,0.5766974054499233
811,458,134199,114079,48,28,0.361159722837309
812,527,109530,332841,12,17,0.33295373025694175
813,515,53499,21029,48,1,0.0967810120190826
814,314,118576,251353,60,18,0.35188004084842983
815,456,138856,412442,48,12,0.258988493430967
816,560,112495,199718,36,21,0.38392440448596726
817,456,101635,458819,36,0,0.2637994913321007
818,346,137803,426947,60,1,0.18216451789770172
819,623,115112,376602,12,28,0.10223090137560707
820,429,65946,377528,12,15,0.22320514452389262
821,710,85204,73926,24,14,0.10315465885826375
822,394,81886,142069,60,12,0.14729332295319114
823,591,101652,322650,48,15,0.5930348872187502
824,582,45563,345373,60,16,0.29425695629864024
825,368,122324,448031,24,20,0.34252947157775904
826,310,122464,47092,60,28,0.5304901908054684
827,553,131872,329683,60,28,0.5975628952698783
828,849,39847,464293,24,6,0.3704929471395748
829,433,56155,157889,12,23,0.49686060157429435
830,322,109671,173933,48,25,0.2298175633851714
831,645,146891,18428,24,16,0.21815917659601008
832,601,113310,180006,36,6,0.27148704654700806
833,662,97278,251627,12,12,0.41987899447050697
834,695,48309,250439,36,4,0.4252054290903043
835,517,30619,146330,12,25,0.2233816890571979
836,440,113194,62775,48,16,0.12326545827514578
837,509,80108,217652,48,2,0.39781794105602963
838,759,64707,493163,60,6,0.12057922420382047
839,655,50337,272613,36,25,0.3681708795261315
840,623,111537,295998,12,16,0.4313821704309699
841,432,96504,142328,48,6,0.43533632301694836
842,426,77614,260158,24,20,0.46440966086277813
843,405,121428,81256,48,0,0.5300726818611154
844,677,121155,432153,24,16,0.3249774455806336
845,350,30281,366278,12,29,0.4516370542412641
846,328,57420,137723,48,16,0.39054500445121015
847,761,110896,186360,48,10,0.1526519668887254
848,595,69030,351874,12,24,0.06412930467817449
849,596,31058,423267,48,26,0.20649776212231358
850,706,116213,294530,24,28,0.29366853848569063
851,704,106260,473270,48,2,0.3894082694357609
852,645,58404,247634,36,14,0.5174776317767629
853,719,133482,414400,60,28,0.1579351441883911
854,481,135284,38787,24,20,0.1190523844441624
855,300,59856,26621,36,10,0.5799139711108802
856,670,39200,473780,12,25,0.10942450765702391
857,730,94178,82984,24,27,0.313170088558954
858,608,63997,458008,60,15,0.372060050836316
859,436,55611,443469,60,24,0.347755931499091
860,501,149273,301195,12,21,0.09731768636811876
861,735,71235,316955,12,27,0.08136480270199065
862,612,147428,35447,24,8,0.10801588510356962
863,416,65057,133046,48,23,0.3720732261299368
864,543,31239,220002,12,23,0.34938968819887656
865,836,133674,498253,48,0,0.17855743562020931
866,374,144474,166326,36,28,0.4007757780150753
867,685,95661,351189,60,24,0.5010371261306071
868,509,75272,121859,48,21,0.07286842791562657
869,774,119393,193490,60,15,0.32397146895142326
870,717,91212,412688,48,8,0.4291207266564796
871,646,45398,8471,36,18,0.1887715598883279
872,828,86503,243404,12,11,0.21927399791123198
873,478,36638,125312,36,18,0.38750084664416107
874,481,36570,231876,12,21,0.5438644113940553
875,324,98785,144401,12,8,0.4954584311665946
876,479,39110,170937,60,6,0.37072162050477087
877,800,135899,51850,36,13,0.451621944766487
878,460,109141,321364,48,28,0.25065235861428925
879,476,42115,248306,36,18,0.4025310404543167
880,584,69062,98808,60,18,0.3063998751201563
881,362,52911,142469,12,1,0.15446487505165848
882,455,134061,233981,60,8,0.4359560506324914
883,768,62556,171597,24,12,0.35605555054185206
884,348,108131,58072,24,14,0.24724187007447523
885,383,31969,226178,48,2,0.5512365545432469
886,660,73753,88820,60,10,0.0615137648047033
887,447,112811,482746,48,20,0.22367523318722277
888,641,34470,28284,48,13,0.0812847687777056
889,775,40225,459546,24,29,0.47159002392189486
890,362,137860,88369,48,24,0.4361590997625859
891,659,137510,292266,24,7,0.23224372030497437
892,626,138295,397493,12,17,0.42161459621389014
893,440,53196,337697,60,18,0.2677654744077724
894,514,135823,217978,48,15,0.4659395852823388
895,734,43669,361932,24,1,0.2998010145051883
896,617,67380,67812,36,7,0.276753850307416
897,331,140677,275143,48,21,0.5641014535185656
898,584,145886,289580,12,5,0.18798350493988514
899,604,78320,310107,12,11,0.11624603699811098
900,728,77414,138168,36,14,0.3714987122927019
901,776,133542,249809,24,24,0.5831269967562984
902,585,45577,423495,48,7,0.25781156754995266
903,443,118009,257164,24,3,0.08412021999582983
904,723,85409,376043,12,14,0.2366178970202621
905,318,58625,250317,24,27,0.3282624098757571
906,317,111040,293345,12,19,0.13905765364771755
907,670,54089,155787,24,24,0.41195621993107057
908,474,66487,165381,36,16,0.5987621639556103
909,493,95838,151150,60,12,0.29845671178979405
910,801,126999,454830,36,17,0.24510070620161695
911,412,140448,10105,36,1,0.27038729175895665
912,413,124795,384810,60,12,0.11333039811736062
913,521,80138,361992,60,12,0.535800480784423
914,563,72823,269983,48,21,0.27815411053674355
915,354,67208,73920,48,14,0.2630009262836627
916,757,84061,310763,36,19,0.4128296501117608
917,461,60659,47821,36,28,0.2931183815121179
918,679,131376,130736,12,26,0.40652840784431526
919,386,61890,411709,12,9,0.08379545957193313
920,354,109134,22069,48,28,0.49754783904722505
921,775,77055,12531,48,2,0.5672771740836714
922,477,142269,435267,12,18,0.40682096238766224
923,690,49508,143808,12,2,0.5750112608723459
924,648,72287,143782,24,21,0.13328777290347982
925,307,108916,72155,24,13,0.3125789042141945
926,612,56984,412191,12,7,0.38099370366999596
927,742,140169,67424,24,26,0.36995515608165264
928,627,38125,312747,60,22,0.27080397849897375
929,353,66059,421468,48,29,0.23594642515144376
930,538,99569,479013,48,3,0.11975321240273033
931,528,133409,137503,12,26,0.265458347809253
932,350,47087,210675,36,27,0.13946344830801682
933,563,136437,173553,12,19,0.4539011220707201
934,717,145262,359717,24,10,0.16485701452202448
935,395,35704,145629,36,25,0.08221091790649362
936,387,90576,473187,24,10,0.35380137579947885
937,377,103384,370446,60,26,0.37737635299567085
938,587,117128,136234,24,29,0.529552183704278
939,419,141279,432958,60,10,0.36733988682972496
940,790,102460,24675,60,1,0.24001446954789513
941,751,57208,78997,24,29,0.49165653483947624
942,799,148516,153087,24,16,0.34715339125308153
943,464,115150,448273,60,8,0.09360415654715545
944,481,96024,430807,36,27,0.3612178081722856
945,768,69882,491799,60,27,0.5494101999819143
946,306,55923,236390,48,1,0.2679719440240213
947,629,144044,145905,60,28,0.21297919104489
948,450,131477,275040,36,23,0.12890820135991102
949,384,59165,431188,48,14,0.1332950370644465
950,446,97203,316877,12,15,0.28802431638800036
951,680,121749,256435,12,24,0.3776239032888412
952,847,34114,46800,36,3,0.09433847284328095
953,584,94965,101044,60,7,0.5667627239638411
954,381,66321,272491,24,8,0.4653234895948577
955,813,103297,195135,36,25,0.3726431550560144
956,822,126652,494066,48,25,0.5056412690164449
957,685,129304,138715,48,4,0.0941027162466623
958,770,143942,307929,12,15,0.31226138275321835
959,418,55426,285825,48,12,0.39655121977391483
960,695,47772,448242,36,29,0.5057590983650591
961,831,133754,371008,48,6,0.4809082580270972
962,560,33712,414108,36,25,0.2023880873423698
963,555,31367,314443,24,19,0.5674840932575623
964,525,136493,22073,12,16,0.11839021278697869
965,352,137317,369448,48,2,0.5313234902416336
966,799,145142,35682,36,4,0.5840171372825402
967,805,121736,233870,60,18,0.14743443777244405
968,663,81924,232966,12,11,0.44713633531208186
969,579,33726,391446,24,28,0.07215703532789916
970,457,119152,412505,36,26,0.2729825538265352
971,358,57723,120359,24,6,0.33395581455872064
972,427,133110,406143,24,27,0.36935487425029867
973,414,130494,446546,48,8,0.5647654865367077
974,508,39108,71707,48,27,0.419737878011807
975,825,107714,256351,36,5,0.3147028731705803
976,820,65643,475670,60,28,0.49532126994623904
977,536,61324,243511,36,25,0.5727930515249249
978,580,133896,240718,60,16,0.062136381775259965
979,658,113360,70428,24,15,0.5903866997408213
980,500,140896,55601,12,22,0.09737267648502418
981,577,38927,475681,36,2,0.49791272859781865
982,534,123680,400755,36,20,0.20418411390327684
983,793,126546,116487,60,25,0.12269881176462946
984,303,52443,158741,24,3,0.29192060184260915
985,741,109973,469184,24,9,0.4041761186961874
986,328,93449,418860,60,4,0.25952351476291124
987,408,139834,416961,24,20,0.08001097455548442
988,374,135314,256924,48,21,0.3797036268122941
989,445,106743,264153,12,29,0.5463218018608711
990,427,90233,295372,36,9,0.2607684512709884
991,341,55537,254430,12,11,0.16898302769695486
992,655,131293,432737,36,9,0.29341754026304845
993,340,107576,127788,48,28,0.07659949107682948
994,333,137522,102239,24,12,0.5012681714641511
995,316,52612,31928,60,10,0.5044874460226026
996,452,123977,285466,48,21,0.3734002548862956
997,677,36471,455930,12,15,0.2442065889161142
998,641,65631,355040,60,7,0.48988085044518076
999,326,138997,67292,24,7,0.3550778636336019
